Task Name,Description,Status,Priority,Due Date,Assignee,Tags,Time Estimate,Time Tracked
"1.1 - Configurar projeto Next.js","Criar package.json, configurar Next.js sem app directory, instalar ESLint","Completed","High","2025-11-10","Estefan","setup, next.js","2h","2h"
"1.2 - Instalar dependências principais","LangChain, Supabase, Google Maps APIs","Completed","High","2025-11-10","Estefan","dependencies","1h","1h"
"1.3 - Criar template variáveis ambiente","Arquivo .env.example e .env.local","Completed","Medium","2025-11-10","Estefan","configuration","30m","30m"
"2.1 - Implementar Google Places API","Geocoding, região Brasil, tratamento erros","Completed","High","2025-11-10","Estefan","google-api, places","2h","2h"
"2.2 - Implementar Google Directions API","Cálculo rotas, distância, tempo, polyline","Completed","High","2025-11-10","Estefan","google-api, directions","2h","2h"
"2.3 - Implementar Google Static Maps","URLs mapas estáticos, marcadores, polyline","Completed","Medium","2025-11-10","Estefan","google-api, maps","1h","1h"
"2.4 - Configurar cliente Supabase","Conexão, operações CRUD","Completed","High","2025-11-10","Estefan","supabase, database","1h","1h"
"2.5 - Implementar armazenamento histórico","Salvar rotas, cache, busca similares","Completed","Medium","2025-11-10","Estefan","supabase, cache","1h30m","1h30m"
"2.6 - Criar schema banco dados","Tabela route_history, índices, SQL","Completed","High","2025-11-10","Estefan","database, sql","1h","1h"
"2.7 - Implementar integração OpenAI","GPT-4o mini, resumos, português","Completed","High","2025-11-10","Estefan","openai, langchain","2h","2h"
"3.1 - Implementar cadeia LangChain","Pipeline Places→Directions→Supabase→OpenAI","Completed","Critical","2025-11-10","Estefan","langchain, pipeline","3h","3h"
"3.2 - Otimizar com cache","Verificação rotas similares, reutilização","Completed","Medium","2025-11-10","Estefan","optimization, cache","1h","1h"
"4.1 - Criar endpoint /api/route","Validação, tratamento erros, códigos HTTP","Completed","Critical","2025-11-10","Estefan","api, backend","2h","2h"
"4.2 - Configurar Next.js produção","next.config.js, variáveis ambiente","Completed","High","2025-11-10","Estefan","configuration, production","30m","30m"
"5.1 - Criar página principal HTML","Formulário, campos origem/destino, botão","Completed","High","2025-11-10","Estefan","frontend, html","2h","2h"
"5.2 - Implementar JavaScript vanilla","Fetch API, loading, success, error states","Completed","High","2025-11-10","Estefan","frontend, javascript","2h","2h"
"5.3 - Criar estilos CSS responsivos","Design limpo, estados visuais","Completed","Medium","2025-11-10","Estefan","frontend, css","1h","1h"
"6.1 - Atualizar README.md","Visão geral, instalação, APIs, ambiente","Completed","Medium","2025-11-10","Estefan","documentation","1h","1h"
"6.2 - Criar instruções Copilot","Arquitetura, fluxo dados, convenções","Completed","Low","2025-11-10","Estefan","documentation, ai","1h","1h"
"7.1 - Configurar .gitignore","Exclusões Next.js, arquivos ambiente","Completed","Low","2025-11-10","Estefan","git, configuration","15m","15m"
"7.2 - Organizar commits","9 commits organizados, conventional commits","Completed","Medium","2025-11-10","Estefan","git, versioning","30m","30m"
"8.1 - Preparar para Vercel deploy","Configuração produção, variáveis ambiente","Completed","High","2025-11-10","Estefan","deployment, vercel","30m","30m"
"8.2 - Preparar scripts SQL","Schema Supabase, índices, otimizações","Completed","Medium","2025-11-10","Estefan","database, deployment","30m","30m"